label,x,y
blob A,9.32987817887491,-4.583251305226262
blob B,8.406904485896764,5.726662433438687
blob B,6.969620020429167,3.1803621087989633
blob A,8.84452914834804,-5.1866712805529005
blob C,4.740854134818901,0.7565758255156267
blob B,7.941084146155644,7.062327689026536
blob C,3.9585918222081626,-0.5795755672301857
blob B,6.510516133453381,5.253282102273227
blob A,8.463102574253003,-4.360654288820558
blob A,7.0553922011816255,-4.492116119505149
blob B,5.144467914381705,6.211088361076373
blob A,7.7557142371862895,-6.28556308872496
blob A,8.099425019692058,-5.95593066514404
blob B,6.153389920716038,4.680493581253032
blob B,4.957539294869505,4.1052327129430575
blob B,6.960035770589524,4.536590307266474
blob B,6.937323622477419,4.637255711146569
blob C,4.483984809532507,0.9082669944709731
blob A,7.455882502470347,-4.128780020546848
blob C,4.16029515905479,0.7177614085981887
blob B,8.87519961218969,5.7085057269675925
blob C,4.147954285600843,-0.05778865797367383
blob C,4.084637800927506,0.511627587450327
blob B,8.079612857917683,0.8235992560590439
blob C,3.6972416144102214,0.7568409777767326
blob A,9.824020584474956,-5.767158656913079
blob A,8.786423791276336,-4.9765616185512105
blob C,5.24134038244201,0.6719146257849878
blob B,8.583598463235742,4.622365086649135
blob A,6.84225214817542,-4.783992738267502
blob B,7.812298734699846,4.494237023574989
blob A,9.631722555450034,-4.440261481634525
blob A,8.160692810614622,-4.769997781723003
blob C,4.913453704217455,0.4129124818196133
blob A,7.597797497553885,-5.782073050935615
blob B,5.891546249030138,4.688070577721316
blob B,8.04852840487968,2.768026912998295
blob C,3.8927257066116945,0.18918833238044114
blob B,7.060813424271926,4.236650557978693
blob C,3.9570045888285375,-0.666371770164073
blob C,3.6630616792297426,0.1088138329612785
blob A,6.529754273889508,-4.397705184309394
blob C,3.989596316650205,-0.871606576878059
blob C,4.070659419839746,0.4921700642395188
blob B,6.611242462791548,4.0877668615979585
blob B,9.103279588189112,7.471543859450343
blob A,7.098362084530966,-4.019594795870716
blob A,9.699745182761372,-5.70201750469624
blob B,6.65711635920147,3.1019786453365388
blob C,4.809061376590691,0.37647931027514464
blob A,7.03138955824905,-3.0670617073621687
blob B,7.0255401076150505,6.738840535701121
blob C,3.6700652485031675,0.4095787875214656
blob B,6.270672286376614,3.0878174684133515
blob A,9.767929404786393,-5.105431562434491
blob B,5.663158515802827,5.2259751023493095
blob A,7.967345899911236,-4.987690200648544
blob A,10.864538147177655,-6.216436580716525
blob C,3.817101624739033,0.45183486730472444
blob A,8.344230829338274,-3.858440766644202
blob C,4.6673383751895585,0.3151475697963494
blob C,3.470845719104157,-0.3835646962363004
blob C,3.67621798570729,-0.23236206827538464
blob C,4.323708446158207,0.4273114463148658
blob B,6.753736212812993,7.243972562967635
blob A,7.430791024901217,-3.7406794894983055
blob A,8.552096853160707,-4.325015127153604
blob A,10.21267302500709,-4.881987912036641
blob B,7.65812730953798,3.1149932536820746
blob B,9.22427871260042,3.7830840781996953
blob A,8.223477589662245,-6.211864976460126
blob A,7.852618791267065,-4.818568287639346
blob A,7.850510164169116,-4.566473714151967
blob A,7.119203060930833,-4.913468951178559
blob C,3.8645372720604456,1.0535890495030809
blob C,3.7281371416503015,0.3552211765357012
blob A,10.531989971252989,-4.475363357798645
blob C,3.527859654203371,0.12922961872637362
blob A,8.569875279170324,-3.7825055944784634
blob C,4.164884936746012,1.264770371793079
blob C,4.6828646702819885,0.6821983836004917
blob A,8.401450016334426,-4.303960069115237
blob C,4.979108140144018,-0.8879236459774951
blob A,10.194609417349874,-5.458040897921541
blob A,7.226960761435895,-4.46222747340116
blob A,7.092857246212324,-4.584891769821277
blob C,4.591238308224998,0.49468474337770646
blob B,6.086160924124028,3.0632899086301575
blob A,9.111163288117147,-4.674220172554764
blob C,3.70144047498055,0.3656845701655909
blob C,3.8798074607119513,0.29509907795699586
blob C,4.3929642960298,0.7596305883530379
blob A,10.00464232348383,-3.4263578049471732
blob B,10.238675608430711,7.332798930398129
blob B,4.457870499867361,2.852228566221592
blob C,3.9778209995549827,-0.9060515753134801
blob C,4.5349477987214355,0.5063234206373964
blob B,9.321967909626245,5.770399066469896
blob A,9.965236151693412,-4.452841225319072
blob A,6.535465493853874,-4.8452146031129155
blob B,4.862978874779525,3.7330637666099253
blob A,6.932715272354269,-4.118063012974771
blob C,4.458053000758878,0.6689977539192862
blob B,7.689007897309049,6.895227622748521
blob B,7.80352809994954,4.502155496529865
blob A,10.103875103763462,-5.705867979056175
blob A,9.43848907627472,-2.6132523153834044
blob B,8.970701066826319,6.1430295054578155
blob C,3.6020698657483647,0.952640439769526
blob C,3.4852066621684874,0.46721717586200895
blob C,3.9279386689987774,0.7637867416759679
blob A,8.633667902633238,-3.935864054306884
blob A,6.719173211559928,-3.3763209260218883
blob C,3.2549014315297367,-0.6052662402654395
blob C,3.6448671001892845,-0.06294511785867613
blob C,3.7043751264078404,-0.1746481679154882
blob A,8.231549193696306,-4.081654340164188
blob B,6.247078847963993,5.598935318697923
blob C,3.3754212392287726,0.05125501622493078
blob C,3.181156494110589,0.7612451224893501
blob B,7.10528438997927,4.387171890394878
blob A,6.868177779535333,-5.052656739991332
blob A,8.747412328208105,-3.117307107852783
blob A,7.9745763039255975,-6.480187915760651
blob B,7.675559737967452,7.2652730147995825
blob A,7.3030810997251105,-5.334096446359887
blob C,3.9938664111302433,0.3520134740580342
blob B,4.636272888725399,5.0674136318254055
blob C,3.8599474569357284,-0.0391310094843742
blob C,4.110587938107708,0.37058379739209824
blob A,8.14652149473679,-6.317426979807164
blob A,8.805421598867925,-5.28440233740206
blob C,3.568075404610267,-0.15527413084412967
blob A,9.135421322434203,-4.004785832851444
blob A,10.003428356916793,-5.490166610332053
blob B,6.934389878619441,3.4581476009796
blob A,9.247243646246039,-4.201061847373037
blob A,8.111536441877181,-4.934861310606723
blob C,3.9259556892534713,0.23519939280941649
blob B,7.181238493848981,5.47587302706912
blob C,3.3729336192923722,-0.4883759158158252
blob A,8.142220609115604,-4.688205815087893
blob A,7.245430232675256,-3.822261242943277
blob A,9.71727908997653,-4.711986754707779
blob B,6.28026478780958,4.322799925178622
blob A,6.312569014978486,-5.725825720311487
blob C,3.833494182213683,-0.06266617699988764
blob B,7.768585020753545,3.9491337989600392
blob C,3.4601539554433547,0.48141708114580295
blob C,4.050836602642567,1.4488730473316596
blob A,8.720914204804664,-3.171078956433287
blob C,3.571137480309989,0.45206381091565395
blob C,4.166294202961174,-0.15413670873778945
blob C,2.927401078590442,0.210606815306085
blob A,8.155781739202673,-6.061969699692754
blob A,5.95207035723841,-2.1186004942797156
blob A,8.711933121076198,-4.501578984292116
blob B,8.058556882999165,3.311447151778813
blob B,7.524672172145929,5.225490110722743
blob A,7.191623152190419,-6.828818781194005
blob B,8.23112319925176,7.758638579772099
blob C,3.6709725516375378,0.39170288763721584
blob A,7.106783293551183,-4.823030147615737
blob B,6.65438097346682,7.051690229690562
blob C,3.722382600004409,0.21794898066649618
blob B,7.021847947141802,2.2648811002830453
blob A,6.434328771925777,-3.899826910162729
blob B,6.155610912120136,2.1272124250985245
blob A,9.603648908420096,-5.389025645911177
blob B,9.96060446199388,6.204944032591822
blob C,4.118243409463202,-0.02450283005097903
blob B,9.263941572613085,5.855326792272535
blob C,4.016141539129623,0.8577104873596567
blob B,8.655307943046488,5.585253506790271
blob B,7.322656133871451,4.3899549787200245
blob A,6.319310027666484,-3.9219377809058416
blob C,2.724058902614461,0.914690794993896
blob A,9.397952505456209,-3.5990826134876803
blob C,4.181963887343764,0.6640078106892882
blob A,7.407273303383758,-7.266936304554935
blob C,3.6677180829869886,0.2751579682353986
blob B,5.864515073731113,3.6329399959714777
blob C,4.2121844597723435,0.42484667366556395
blob B,6.539257340583632,4.410126479448019
blob A,8.224108041280495,-7.070097487251019
blob B,7.5549837885144004,5.714960660576739
blob B,6.176576848997342,4.467558722147872
blob B,10.417025223822751,6.348342095703838
blob B,6.9043390849243975,5.489779763674442
blob A,9.78591931089566,-5.574447483491468
blob C,3.507912592638297,1.336736857554583
blob C,3.9406042978672295,1.0384971744450129
blob A,7.6344958319214165,-5.004150869027565
blob C,3.942230661748261,1.3904859230374957
blob B,7.4848590144943605,5.133529966165955
blob A,6.165747298086977,-6.758300767545206
blob A,8.305216048427523,-5.037870406022089
blob B,5.768953806261883,4.417276526743283
blob A,9.732868788461339,-4.068480043723772
blob B,9.581792918903579,4.8362522820593
blob A,9.002363166901718,-4.4203439836547895
blob C,3.7370640556076373,0.30984522114150903
blob B,5.97693560435692,2.8616410100116427
blob C,4.538278609968351,0.7827778196392513
blob A,8.976046946819013,-4.751597122706577
blob C,4.034809778582185,0.6912776077319782
blob C,4.033680697751849,-0.3393833982710147
blob B,7.837097007476341,6.727593060570628
blob B,8.680587274673117,4.85010946219721
blob C,4.754454577766423,-0.5540142624180027
blob A,6.793795401138499,-4.862894586494202
blob C,4.780293210267638,0.9158175278168265
blob C,3.7519348648140554,0.3613723970922907
blob A,8.36278825069117,-4.48517009810909
blob B,7.850510034470149,4.037107792756064
blob C,5.127929210974446,0.2784993379447276
blob B,7.901313881071287,5.255275868765128
blob A,7.441680550311088,-5.194930325183604
blob A,6.129553349840726,-3.2312544115343234
blob A,8.003746446834894,-3.6393146108493815
blob A,8.45558948001353,-2.922944340294135
blob C,4.102761812680521,0.12712513224325003
blob B,6.1115168155051105,5.03946345301464
blob B,5.911308623835528,3.9095595011551127
blob B,8.168416658634863,3.1526123114866014
blob A,9.35162232708926,-6.459690537266856
blob A,6.361598785248057,-6.367378247407018
blob B,8.538479314708889,5.579318159521195
blob A,9.146985168408744,-4.933316472429312
blob B,6.632431255978817,4.201251429100543
blob A,9.013823118178008,-5.191657434050041
blob A,8.299340276071819,-2.919515469143798
blob C,4.19847058668428,0.8228076119245924
blob B,9.018650162990799,4.650027172504062
blob B,9.628057574365418,3.8697319053106374
blob A,9.123684626941662,-6.330019501797467
blob C,3.215812215512986,0.8010516698234795
blob B,8.592085595621755,6.4921918779583505
blob C,4.287960074264065,-0.572474619682928
blob C,3.5658906870328657,-0.0689490363519647
blob A,7.563144200463465,-5.660094135390572
blob A,8.073187876746067,-4.414369835314695
blob A,7.295490531806584,-5.823695996687126
blob B,8.420444040043517,4.45033401077138
blob B,6.413435765172052,6.9800515268418994
blob B,5.840171652666322,4.051760160566777
blob A,7.8794679496650515,-5.674708874713025
blob B,8.246460947945659,5.1152731991931875
blob B,8.80989333107473,5.299772935458561
blob A,7.431785038087696,-3.7558870117183525
blob B,6.273698279126818,4.874352349462155
blob C,4.119906989998255,0.9930293314941439
blob B,7.920627232323443,3.5861420787006084
blob A,8.404297800824851,-4.683080212211137
blob B,6.8209352114199575,5.256161539935916
blob C,4.390458988321082,0.2630052512479517
blob A,8.5486694356688,-4.853302410415255
blob B,8.29893043957341,4.529636734598702
blob C,3.830722885104404,0.11219528990926353
blob A,9.536135888879455,-4.752441544168548
blob A,8.34964894172917,-5.610058568111576
blob A,7.076037012816741,-5.266516617653331
blob B,9.516811018225798,7.411755498452437
blob B,7.058416557330066,4.977186040537661
blob B,5.657705054666768,4.061608259588118
blob C,4.326587451173139,1.5204089738694828
blob B,7.780608224702231,4.443737887766083
blob C,3.2554324529346115,0.4804522703191026
blob C,2.9288594398549455,0.5165477422548539
blob A,7.555813146872554,-4.454260503167564
blob A,6.274109698317046,-5.553234712465602
blob C,3.3206291500228793,0.05219369867463669
blob C,4.285394355348642,1.8122099463292154
blob A,8.11214745624107,-6.08782942692198
blob C,4.276632597903716,0.43056408517607153
blob C,4.120393305743956,0.5541350765481952
blob A,6.76091135761175,-6.836354066439311
blob C,4.347136914559968,-0.17257394957314265
blob A,8.92319953671166,-6.432102464440709
blob C,4.278693008049602,0.2935013688909917
blob B,7.945073446406018,3.7986320229817765
blob A,8.694053047011833,-6.101699623073005
blob C,3.2397151738193717,0.18576857199880273
blob A,7.912492823258501,-3.451984376127389
blob C,4.476846594538946,0.5088739574065032
blob A,6.269232022602722,-5.29426452492623
blob C,3.821836694474577,0.5542670878067443
blob B,8.900055697591334,4.1997516875907515
blob A,9.139640319838866,-5.140603127863757
blob B,7.804234782769981,4.9476978182150155
blob B,9.362641974953394,5.181609602890361
blob C,4.638699266193141,0.25234470202483905
blob C,4.028666015213915,0.6874069545099886
blob C,3.702376599487297,-0.20757813736908937
blob B,8.085936038536211,4.220985263736692
blob B,7.004062044684841,5.714856548883773
blob C,3.968814660558405,-0.21729024806188535
blob A,9.292196345424879,-5.471957410631932
blob B,8.30680035527447,4.880933001083504
blob A,8.16293002998397,-4.191808599085039
blob B,6.419868782633568,4.264394987588195
blob C,4.3210755882652245,0.20678847710454615
blob C,4.646257929439873,0.7124501452036226
blob B,9.18075069014697,5.382479438372267
blob A,6.928261417742552,-3.7485743949430828
blob C,4.215540611697651,-0.05258915258071489
blob A,10.128994471576595,-6.306927947543115
blob C,4.095932534874117,0.2258889275326252
blob B,5.969906920630253,4.283410149835872
blob C,3.3910494729041263,0.2128083955850646
blob B,9.516172266817431,4.52058285246348
blob C,4.374422120755749,1.1899241766760518
blob B,7.734886340928736,6.227261669902996
blob A,8.638666939668987,-5.815339979663645
blob B,6.898769596998575,5.314427194445461
blob C,3.632688591729479,0.001016096043015391
blob A,9.024220915858418,-5.60898343489498
blob C,4.180824318772188,0.5109016093293306
blob C,4.648742096524958,-0.33790966832565306
blob A,6.715536879410767,-4.1195602574513135
blob A,8.384749757146844,-3.4118624111319216
blob A,8.935001044016618,-3.503524084783337
blob C,3.985014482742315,0.6912776990517935
blob C,4.112933815029692,0.3376791337529216
blob C,3.602567656622528,0.477348766678636
blob A,6.163535224082944,-4.390797455106363
blob A,6.544645942735504,-3.8085456066885275
blob B,8.930112151465705,7.056012147490619
blob B,6.483332549113662,4.7956433100068
blob A,9.056393091643232,-3.0525423743327385
blob A,6.8896611236871586,-2.9416629878687446
blob A,7.650251545219166,-6.920689876459552
blob A,6.553602538144597,-5.02865351535379
blob A,7.337456391269313,-5.977109890413194
blob A,8.865033805162755,-3.388919901632115
blob C,3.948332118661702,1.0994896803803416
blob C,4.0896236860583395,0.3755901266714671
blob A,9.930661921480331,-4.382172965420147
blob C,3.827706960404812,0.4939611110557409
blob C,4.288248019110662,0.6203954686047023
blob A,7.947019928094248,-5.183600509625753
blob B,8.476668877622341,3.2504139598317847
blob C,4.4594293088180805,-0.5506826156185813
blob C,4.606578018835702,0.3283346641319164
blob C,3.373271294792667,0.5325845117190491
blob B,4.875298996964526,4.510945858283001
blob B,7.723860205715131,6.751364202017971
blob B,9.551099294561796,5.613056965278211
blob C,4.018318437865386,-0.2804449647133811
blob B,7.8489830918588295,3.558136436321048
blob C,4.247141643103826,-0.3394482630977349
blob C,4.33852485942799,0.6840915501039735
blob A,9.838136000178498,-5.474433067066088
blob C,3.3667783982123263,-0.7673382459968243
blob C,4.126672460376225,0.16349922452105023
blob C,3.7483417074379433,-0.13196775619240697
blob C,4.2817670172781535,0.7758825316458817
blob C,4.887032873680032,0.28075255661860726
blob B,9.992796468275255,2.6506886220841994
blob B,8.027523157040537,4.878268991358053
blob A,7.221742038239568,-4.133771919861541
blob C,3.993011007810299,0.1494325553289032
blob A,9.024191711296469,-5.007695841015935
blob A,8.347094476519175,-4.36227501457301
blob B,9.179927768902443,3.3756201091035525
blob B,8.028001465613345,6.46940155759841
blob B,8.968246436927513,4.148167772567076
blob A,9.393681738053626,-3.7483542832592534
blob C,3.707018571229702,-0.5140932868415724
blob C,4.066500166956875,0.39403553644466294
blob A,8.633302095397559,-4.890510708116874
blob B,7.086715360245721,5.222357707347937
blob C,4.3021063054792075,-0.45174243708845974
blob C,3.5725620410982946,-0.5041410337724853
blob C,3.5524053115177523,0.5730516734302441
blob B,6.289621284349872,4.8396870754761
blob B,7.032025278294817,6.44341553747503
blob C,3.5689230656832387,0.25736434737969816
blob C,4.42509889674151,-0.19793180746616756
blob A,6.332258185123117,-4.079046065923826
blob C,4.585331590025899,0.9959747911505189
blob A,7.850065523595858,-5.18791620678141
blob B,6.151122662345728,8.579862083640688
blob B,6.885358821223659,7.905121622050592
blob B,6.8476496059700835,2.786399420511908
blob B,6.139386353200604,3.223167043850368
blob A,8.798695231916293,-3.389149205350595
blob A,9.38679726721347,-5.585951404264061
blob A,8.38307140558065,-5.307885092869958
blob A,8.903378443712018,-6.2200768797197625
blob B,5.909122458917622,3.38238766639473
blob B,5.346114398138855,5.982070557897211
blob A,9.461255613177451,-3.6597844912985584
blob B,9.150125281247451,6.4186855801020215
blob C,3.7557958080254386,0.25538835706560226
blob A,7.229131708585884,-4.452811990642978
blob B,6.800007467335286,3.8846414065114536
blob C,4.7079421600502345,-0.10175818343120946
blob A,9.106355061110136,-5.679235782569103
blob C,4.549235758787151,1.0610342098098244
blob C,3.2197040862335786,0.2128302138153367
blob B,5.025219235989152,4.206095941135279
blob B,5.134300164356467,4.548254843824457
blob C,4.84349283148278,0.7315981222298326
blob A,9.384336568277671,-4.608831343952949
blob A,7.936558947601475,-4.190946261005259
blob A,8.08793980938817,-6.118952408408096
blob B,8.524282635718682,4.49487462825007
blob C,3.688959293773412,0.11949171770325173
blob A,7.022458081319597,-3.9719817713124073
blob C,4.304027652833369,0.45646695161389006
blob A,9.616415116296805,-6.245177503766745
blob C,4.01058935247004,-0.2049462085479251
blob C,4.319125736260011,-1.3438392572663054
blob C,3.731308293021295,0.570916253212147
blob A,10.37627079583096,-3.5320673539020246
blob C,3.8282290279527786,-0.03967775966891851
blob B,7.929399337198144,4.423976138947673
blob A,8.029561850210161,-6.074549770830709
blob C,4.20038552131431,-0.590027107838636
blob A,9.370686990297882,-4.841718838180127
blob C,3.700287400698443,0.5295878295405623
blob A,7.535481195173452,-4.172941565730697
blob B,8.46839568077285,3.859344975398243
blob B,8.32829825394164,5.857681630143537
blob B,9.494836403688456,4.4212514386079445
blob C,3.7033550034314713,0.6453609237932949
blob A,7.712840203378558,-4.474590286357842
blob B,8.99397818853009,4.119412947507071
blob C,4.42701840559755,0.10035086106366081
blob C,4.284909451723305,0.8661702471063233
blob B,7.606839315328697,6.5988745683198164
blob B,7.470664825280193,2.459357130511265
blob A,7.2305236188793565,-5.655426809317475
blob A,7.805376288538807,-5.424301930541163
blob B,8.304194801315187,3.5032663098208
blob B,7.84104294455096,7.6725412724718804
blob B,7.118694142432433,3.3421385450275682
blob C,4.126860560535387,1.0623939100826763
blob C,3.9158894957424124,1.312348194114617
blob C,4.720327346336317,-0.32030100811156215
blob B,7.559464440508341,5.151933875762539
blob A,7.352451094342797,-5.3215365383507915
blob B,9.414345061200194,4.188972421497305
blob A,7.421649806667267,-4.342545272795885
blob A,7.968206913322829,-4.6548787351985546
blob A,8.383933910015028,-5.4362551707383995
blob C,3.8704741283819026,0.9743244910056647
blob B,6.129126242230681,3.7361567237280697
blob B,7.564499086097816,3.7900077570535364
blob C,3.7493952641319472,1.201856610622976
blob C,3.502291838574973,-0.8004734215038101
blob B,6.776393184962333,4.178708700834488
blob A,5.949577938011988,-4.575606752903239
blob B,7.565796785453514,3.926805986774209
blob B,9.009993544038757,2.8143164341402036
blob B,7.4271049695838744,3.9514044460088242
blob A,8.611122366664548,-2.5911909500797505
blob C,3.60155068794679,-0.4188241683546897
blob B,6.851256123579666,2.3353030674784945
blob C,4.152266707691796,0.14143295430596903
blob B,5.233443084274015,3.9383595906454776
blob B,5.638221980709653,5.4200330795272516
blob A,8.319168505524065,-6.287142772420393
blob C,3.341205545548311,-0.07964720903211003
blob B,9.129846228710512,3.904712637493957
blob B,7.567889835793613,5.028556968745195
blob A,8.408032184593445,-6.166423926390516
blob B,6.194729936818076,3.1445540537048955
blob A,8.889670017893224,-6.092202901148642
blob C,4.023432337677508,0.44489284749328606
blob B,6.196837301068755,2.894267823105512
blob B,6.757948275184056,5.423915285871453
blob A,6.823034069080586,-5.939348349029352
blob C,4.023910042358477,0.3224419414864163
blob B,8.692343282116116,4.995897184158561
blob C,4.5823324101547565,0.5158043712117069
blob A,7.480195294301055,-5.083134016874326
blob C,3.901222469848053,0.6621799813330351
blob A,7.438476899455532,-6.555352112993253
blob B,8.903449970765623,6.3156658842680296
blob C,3.456360675505112,0.2104630413850941
blob A,7.854312848656368,-4.287190330582217
blob A,8.302868546711633,-5.327164739475371
blob C,3.319552510768402,0.14824515379702988
blob C,4.212824660547966,0.10811131993258363
blob C,4.267770077919179,0.2997927452833865
blob A,6.9952126163459685,-5.019261941115664
blob C,3.9889831553056365,0.16303472751359488
blob A,8.861171983288138,-5.160404907282185
blob A,9.499313598965774,-3.0085827602269877
blob C,4.359681231750251,-0.044939237228303286
blob C,4.987561819116159,0.3320382071726789
blob B,5.890457519651004,1.335791651309675
blob C,4.16499544125366,-0.02468851332334082
blob A,9.541908425689089,-4.841150529254691
blob B,7.6085826127914205,4.454892929529982
blob C,4.616893179160903,0.365532456697645
blob A,8.98950650317628,-5.378482206546823
blob A,7.898273490116203,-5.927136383710365
blob B,7.398850483438496,5.656934928507771
blob C,5.111627551515133,-0.4991630540189712
blob B,8.898713464136021,3.298915903846103
blob B,7.938128809427953,5.637790549206558
blob A,9.607497262148208,-4.438299635449711
blob B,9.213325046551216,4.6631731135510215
blob A,9.399747804203798,-6.104855341332909
blob B,7.333346495111641,4.634775159911426
blob A,6.4292918409206,-3.5386221631372674
blob A,8.567169708119659,-5.6932021791424905
blob B,8.591205372905907,7.006953120991231
blob C,4.180294527201126,-0.39077430618109277
blob C,3.389995013049314,-0.12236510449480065
blob A,7.468114150395096,-6.1871090701185665
blob B,9.151834585541248,2.0817025464816625
blob A,9.631678000318514,-5.045520304007361
blob A,7.63730237216506,-3.959962882784655
blob C,4.012344429641067,0.23704567936574855
blob A,6.816173738344267,-6.152753667628743
blob A,6.803933989888023,-5.4330852609416525
blob A,5.9346460931390705,-6.343408976034627
blob C,3.8634213432063245,0.11953686144774997
blob A,8.85842429421571,-4.138383790975695
blob C,5.119281054136888,0.12403419637422727
blob A,8.29166747384144,-6.036093952039739
blob B,6.682486477434559,5.5243310355709365
blob C,4.749729137306394,1.1722711413565283
blob A,9.786912902188007,-3.554348451006305
blob B,9.90646681111323,7.173813891987917
blob B,9.387510133394581,5.25432627534215
blob B,7.723063990030106,2.111638767770884
blob C,3.9316050509760636,0.2075813460881906
blob A,9.374423550865608,-5.358861032065326
blob B,8.355649380094183,5.30229316104399
blob C,4.021695164586698,0.0837374825700613
blob C,3.8603632742435394,-0.052436348922970555
blob C,4.5338978299908606,0.10150933321143299
blob C,3.945609536280951,-0.5172278543018718
blob A,7.361928998593009,-5.637344378495321
blob A,7.332772808009384,-4.466197442617254
blob B,5.819565987483894,4.811235083818726
blob A,7.519142089447662,-4.961557977803431
blob B,9.021396616029566,5.137918771333725
blob A,8.270477196269022,-4.368405783260048
blob A,7.005135182224683,-5.533021060381125
blob B,8.107761883670594,2.3117572201983974
blob A,8.009646819434069,-5.013174132338942
blob B,8.331986945387623,2.424500469933868
blob C,4.4272406002443025,0.6278208926838043
blob B,6.138454474621522,4.109590257966332
blob C,3.415624121864183,0.2580146279084641
blob C,4.377524824517215,0.03628396547992763
blob C,3.442354809887588,0.25216655897871165
blob C,3.3496479965590282,0.27759392066322075
blob C,3.217242766443964,0.8040839549966858
blob B,6.258973890761351,2.751771616318494
blob A,8.187802560900396,-5.822173820779044
blob C,3.7559844010890266,0.23661751249162016
blob A,7.661142592444684,-4.477451908552625
blob A,7.582872593625043,-6.649023010113792
blob A,8.572030335364861,-5.669072472552526
blob A,8.518499180121612,-5.7262616501643855
blob B,5.784259842753905,3.6809700706863477
blob B,6.678435406758686,2.646675701595731
blob A,6.9992916016595,-5.104574121729155
blob C,3.8806328991061965,1.0484168391759805
blob A,9.327935605671511,-3.855232957475386
blob A,9.002376127629413,-4.619276756937513
blob C,4.214265383438461,0.48996344403241704
blob C,4.057990170022763,-0.2749555222839756
blob B,6.43853930027578,4.455945774080507
blob B,6.980220337962731,4.115365151830968
blob A,7.065986578674693,-4.493557023859015
blob B,7.4899767403636535,6.927518705919942
blob A,9.743734286262029,-5.64546120344284
blob A,6.511953287989779,-5.411148685212251
blob A,7.708662966599277,-6.465626439981882
blob B,5.532522528421877,5.0524149862775305
blob A,7.488387022487835,-3.0657940621494957
blob C,4.477976679799887,0.6414007661739602
blob B,7.3967527765641155,4.947440891592473
blob C,3.591421272219008,-1.0008942535994152
blob C,4.147145814795029,-0.20472453607514884
blob A,7.57333189349553,-6.764585407124287
blob C,4.270862505723083,0.4230827772756942
blob A,6.759821320541892,-2.704932463198062
blob C,3.3559033369714655,0.6583101011656637
blob A,8.010107242219219,-4.776186752232373
blob C,3.7958093396251753,0.2403446196263933
blob C,4.504347332723234,-0.15131508191177223
blob A,9.171315871920704,-4.62191550505894
blob C,3.4800391381565996,0.757622630850217
blob B,6.903085710603396,4.06236095181162
blob A,8.996247361980679,-3.3881878090239352
blob A,8.078890353870474,-4.758333217441574
blob C,4.286682230511583,0.5030921574661207
blob C,3.980830953880548,1.0323874491947798
blob C,3.9795504397549353,1.9178245721750964
blob B,5.81952808949029,5.344313382677957
blob B,6.599896373189817,6.017864403242516
blob C,3.4109674354689385,0.3952115403311987
blob B,7.671543303559882,5.123461168004305
blob A,9.389194436675869,-6.405997528718984
blob C,3.8349301355547705,-0.04147371852964482
blob B,6.028622884936007,3.259279322218511
blob C,4.381339587725845,0.6102895454511151
blob A,7.096288194346434,-5.748945244365946
blob A,7.667850296593842,-4.227133131507734
blob A,9.031114872537946,-4.732490477255003
blob B,8.020413119249177,6.292518544820733
blob C,4.331484668800046,0.09376888921898707
blob A,8.054388291648836,-3.6899346468933762
blob A,6.458434144791448,-4.546133426189346
blob A,8.516250415436582,-5.440659320067971
blob A,8.501019956296396,-4.245253738379271
blob B,7.169238084520962,4.036770114111979
blob C,4.221589828261719,-0.20891212828980854
blob A,6.839605917930822,-2.0205268856175027
blob B,7.4315233185757785,6.449302284707359
blob B,8.201265856987229,6.7266121491257564
blob A,8.047185881833455,-5.600530620151219
blob A,8.101298950044143,-3.696416324105801
blob C,3.164482499910321,0.8139359521503673
blob B,10.561235452908438,5.415994318054488
blob C,3.998146361876038,0.051771995162348705
blob C,4.23857669139072,-0.22421463321533108
blob A,8.450045651028109,-5.033383738697632
blob C,4.681027184829559,0.929127493839949
blob A,6.704458277767779,-4.189168847921989
blob B,9.416937798616637,4.274739547166421
blob B,9.174903586424458,4.822911467754371
blob B,6.434388073154131,6.335428393226978
blob C,4.334620752930437,0.3976124484702182
blob C,2.9801440247452327,0.614842527886786
blob C,3.873631209475971,0.6160536289570002
blob A,9.408974287325771,-4.838779616664929
blob A,7.847929728953136,-7.628078447932557
blob B,7.430052331657263,5.1251920106674325
blob B,8.549577795829173,3.1922037158756438
blob A,8.474581516054515,-5.67139348504625
blob C,4.613864049341481,-0.10282173514646736
blob B,8.99789422380512,6.748186439699366
blob B,8.43792705496691,6.249013821671256
blob B,9.892932125933587,3.266213945349204
blob B,9.375527702759287,7.508396308125024
blob A,5.9907027130195525,-5.586238356939197
blob C,3.014726376557709,-0.08872755189605147
blob A,7.448853535998044,-4.388715467212324
blob B,9.55380152520765,7.298837195609783
blob A,8.080675919844357,-6.11407225223665
blob B,7.649060428883242,5.127227916763092
blob C,4.5101082142774915,1.4626248315077253
blob A,8.023665343943787,-4.792046485132153
blob A,9.471813710048604,-4.593884261306803
blob A,8.432698974636702,-5.116058470236665
blob B,6.771091981079197,3.4610990822696763
blob A,9.298094147142452,-6.03763270307133
blob B,5.877422458189455,5.590978249568273
blob B,9.473349748657778,4.665003910342407
blob A,8.593188626573072,-4.228647715286064
blob C,3.940907563695677,-0.21600517306826528
blob A,7.267046109724281,-3.457327593537027
blob B,7.076065693957478,5.357518961359341
blob A,10.346276824063064,-6.65665487884629
blob C,4.404241047380406,0.07971507239420844
blob C,4.717156431783862,0.4570693296930216
blob A,9.390836668227259,-4.781184592317848
blob A,7.955421742349038,-4.1910233971264885
blob C,4.080115772127143,1.2456764901623218
blob A,8.791913381208676,-4.86979938816723
blob C,2.719931957069614,-0.7992907201000683
blob B,7.543394844819687,4.289681586664357
blob B,7.558965621974038,1.8319881425763835
blob C,3.9034509041477334,0.051813635344331754
blob C,4.282218913205667,-0.4091989379839952
blob A,7.172667081519963,-6.385380281896255
blob A,8.701219466876719,-7.303544268039956
blob B,8.948122019968359,6.684490393733156
blob A,7.6117462768132835,-5.603765087736307
blob C,4.427288335146491,0.8975069063940406
blob A,8.19503778884938,-5.934336377179509
blob A,7.61829328112863,-5.787389253526716
blob A,8.204793835838615,-4.047247816215916
blob B,7.792839840356203,4.973275415083362
blob C,3.4683797923850768,0.286244303810127
blob A,9.070961677164606,-4.545293182728347
blob A,8.99724764826947,-3.815614159408446
blob B,6.562127152024794,5.07345851669499
blob A,8.37164078890979,-5.6632500329425595
blob B,5.179795950594903,3.4750675397568758
blob C,4.333343814282145,0.3887964601049494
blob A,8.565891312241654,-5.935103112076095
blob A,7.988105493308198,-4.966992349226397
blob A,9.935897392508851,-6.285976233791887
blob A,6.455850519248168,-4.237705205139859
blob C,3.04090826813583,0.3946741380624442
blob B,6.882530283839334,5.252908717106994
blob A,8.57554325936893,-6.0384193860386
blob C,4.042701291600676,1.022075486545977
blob B,7.561457680274147,4.7583137570807335
blob A,9.055718277944907,-3.9718052919671414
blob B,6.195437336972212,6.85690821666871
blob A,9.103291430468047,-6.513565880123377
blob C,4.965274946099859,-0.23476223584820777
blob A,8.434984896828178,-4.515614705839065
blob B,6.89435554007027,5.13300973498299
blob C,3.4125678706437768,-0.0866094820750537
blob C,4.599642968574272,0.28325101645227296
blob B,8.637447208014635,5.9508385564501625
blob C,3.6906883455412705,-0.06510148276190042
blob C,4.128725921869687,0.44765270436123583
blob C,3.592428219630829,0.17947490008903136
blob B,7.721051971929021,2.893276710184061
blob B,5.833421887343535,6.9266578528428315
blob C,4.163160530152823,0.39829953888031217
blob C,3.53509094728096,0.48287894108218576
blob C,3.6998558814828018,0.3746599643162479
blob C,3.9135777827177276,0.1531322318472271
blob A,7.61012009444609,-4.293725216102805
blob A,7.484815137904696,-3.6783952825739363
blob B,10.071222347708852,3.668858407199438
blob A,8.492453371130932,-4.572636713492239
blob A,7.62133167776892,-5.645187979146575
blob B,4.926200828361318,5.003294902455527
blob A,7.436075903326131,-5.7977083801901355
blob A,7.597354160443388,-5.488154038163412
blob B,8.247393210863615,4.467268150790827
blob C,3.5289885668291245,-0.30867673337549695
blob A,8.698768495073995,-4.262785533670693
blob C,4.121935380564636,0.9940516022850592
blob B,9.303799997552947,4.294126944312541
blob C,3.733466120214926,0.1790680073106854
blob A,8.075253084382151,-3.6403633856049202
blob A,6.983328033943252,-3.6935066141468282
blob C,3.6922953757996035,0.7328943080415149
blob B,8.00616561269518,5.154837302720587
blob A,7.600729482558068,-5.896674977648884
blob A,7.164565375872675,-3.17631515877678
blob A,7.359528295908309,-4.504542713778131
blob B,9.843967276476288,5.244476600075492
blob A,9.215997772216344,-4.310481404301001
blob A,8.059609498722757,-4.3240569621317535
blob B,8.288872349834989,4.836269349349783
blob C,4.1749600049682165,-0.3901959133752435
blob B,7.3539399830826175,6.266224378389598
blob A,8.364740714058838,-5.429310295427081
blob B,8.451667483899122,6.025100940914833
blob A,8.586291559718964,-6.949215938208387
blob C,4.549395340149016,0.36693233355217425
blob B,6.4329103505209195,5.1922449703058025
blob A,8.336200930280844,-6.0331120168418915
blob B,7.051825160583261,3.5227716455781137
blob B,6.2984138202911195,3.5579178530337563
blob B,4.752697971541917,4.345611773722585
blob B,7.529253506643371,3.2011351989674024
blob B,5.943553903856618,7.106449851783753
blob C,3.997260092008015,0.7768958756023143
blob A,7.239112732379544,-5.224801560489989
blob B,8.34475427801086,5.463549971207895
blob C,3.892529031281922,-0.6390873387670507
blob A,7.0078967031671,-3.3916615039675055
blob B,7.7174324627216535,5.250736175471168
blob B,6.693732456255404,3.3866742755770014
blob A,8.37402787264388,-4.641028898052111
blob B,7.471156978068989,4.815848984462334
blob A,5.890601304486803,-4.902184426182517
blob B,8.694968366753105,3.3397217626872013
blob B,7.013532689630955,3.8402960634448973
blob C,3.790154465952515,0.10165173849918502
blob C,4.242230491671192,-0.0012993967735775436
blob B,6.39257103072069,5.308384355396339
blob B,6.571160860341158,3.9967548997036997
blob C,3.8688920654575267,0.0348602845552346
blob A,8.849487030954258,-4.400867816236441
blob B,7.416468347410692,6.491624569241416
blob C,3.887499883663329,0.8471627136972872
blob A,7.950068818808456,-6.451217162411901
blob B,10.49926272787278,5.617485584621906
blob C,3.7810748990255423,0.8505390189065095
blob C,4.265274448510232,-0.23289896449781455
blob B,6.781491970707777,3.277271337640318
blob B,6.295180419315539,4.25855775848648
blob C,3.0500925961310563,1.3290554196461888
blob B,7.406495015482412,7.790800249689548
blob C,4.030702788234645,-0.06697280426551533
blob B,7.734928775998084,4.007165719921595
blob C,3.9685074745601963,0.7471637730693317
blob B,7.115961011634219,2.183462144799451
blob B,4.974429468805591,5.504156898745718
blob C,3.3013086913793357,1.0278780634824125
blob C,4.032176636591806,-0.019664889418883225
blob A,7.0786497367988375,-6.527713550418928
blob B,7.837748378676719,4.404045203338821
blob A,12.022550608055735,-4.866897541442906
blob B,6.705456005119777,6.895327983963656
blob B,4.5517925155337835,5.051180418216078
blob A,8.593277536187813,-4.239603940422054
blob C,4.817575007462322,0.2445085992723681
blob A,8.22009825302855,-4.689985694900087
blob C,4.536762554192785,0.6799376701858786
blob C,3.6016164283360026,0.5183832618678902
blob B,8.300900854440984,3.616533280418134
blob C,3.4868297326993707,0.09668475152149122
blob A,7.563548982842457,-4.8945170052274545
blob B,9.624061387558772,5.032361685757752
blob A,7.74582823557156,-4.426513513851068
blob C,4.8162705088457765,-0.06726233412277771
blob A,9.553579544793969,-4.209465049998861
blob B,8.09045740569514,5.667923986428746
blob A,6.231890341517579,-2.45368989697614
blob A,8.358697554344669,-5.035790048381846
blob B,7.512510932422477,3.987299073306543
blob B,8.027168077106007,6.76259182767898
blob B,6.5465706584275525,4.567341901737811
blob C,4.318192232240378,-0.5351827347341938
blob C,4.213347469747843,-1.3479311414916548
blob A,6.898758905972648,-5.009383762349514
blob B,8.34827918059272,4.023201707295925
blob A,9.590439840341535,-5.708791686586387
blob C,5.056065599484733,-0.10654783056429695
blob C,4.360517318826503,0.27219732595955987
blob B,8.589523681044879,3.922840882184879
blob C,4.7264196776001075,-0.2288155214025629
blob C,4.0272357396327925,0.49029883735637947
blob A,9.453901388260272,-3.9347426222569535
blob C,4.1406849011435325,0.47382414379039733
blob A,7.350561114004994,-5.392112985411166
blob A,9.005535202829762,-2.6257160159302932
blob C,3.437942632320405,0.647090357344852
blob C,4.057821214320732,0.23433957347641216
blob C,3.5432660648661223,-0.3481270836344005
blob C,4.251742624856882,0.452773585369455
blob A,7.7934251327505,-5.921012929101624
blob A,8.313632121755951,-5.636060301861474
blob A,9.47954675718355,-3.878769054298251
blob B,5.811455744771891,4.3812876149896995
blob A,6.701625752445802,-5.028996378762771
blob C,3.666464790986668,0.3861433712432696
blob B,4.769586107859284,6.194857215091272
blob B,8.723835406099619,3.251782356103221
blob A,7.501550765379573,-5.004825557821226
blob C,3.4298699194836533,0.1683785624909639
blob B,7.7785647533966475,4.707559831850079
blob A,8.588595028622333,-4.40962515759283
blob C,3.7192089722262254,0.01584391018470488
blob C,3.629009812296662,0.023501795672354442
blob C,4.1919095254686605,0.7059224549266205
blob A,6.897514790030362,-4.433220821737472
blob C,3.4030332245337362,-1.3466130138420525
blob A,9.302829532077316,-4.163086246527251
blob B,6.497190357670416,5.119843898949641
blob A,7.691195216435676,-5.138482342706789
blob B,8.136529747746886,3.5383108289522855
blob B,7.134932748561512,5.5425488888662695
blob A,7.332057548948244,-3.169162964025059
blob A,9.144059928360955,-4.985604215072885
blob B,8.400251733112292,4.377750019319576
blob C,3.949264093034152,0.06506726919424305
blob C,5.0881097859652655,0.9277335334429442
blob C,4.873395339322369,0.3978486131500136
blob A,7.155649090880005,-4.540660791690769
blob C,3.831077497144484,0.514148686216958
blob C,4.092023565023397,0.5305059270602231
blob C,4.153904702319363,0.9657596439375948
blob A,9.6532429848009,-4.91324303428095
blob B,6.448296699709108,4.76820454567379
blob A,9.56781272552875,-3.3015968334758092
blob B,6.28400932057542,3.5112755637678035
blob B,7.5451975607056845,6.784351644048287
blob C,4.087933343791842,-0.2234697736154989
blob A,7.728021816457672,-5.086760951787668
blob B,8.482292513741914,4.5451711861212125
blob B,6.154389836760592,5.530082602888625
blob A,7.923684874961009,-6.621962299670265
blob B,8.941606005941368,3.9631278321239742
blob A,7.711534999078216,-3.5922862291507536
blob B,4.913549792924459,3.7402815108851932
blob C,3.9314952456188075,0.5337033971614555
blob B,7.296334780092746,3.4578721136606845
blob C,3.8451903886989256,1.1096138054905031
blob C,4.327358530987636,0.4393709241521727
blob B,9.345411258941981,4.134113672983947
blob A,8.743811155197768,-4.264721714029473
blob B,5.455416021396186,4.050165716007028
blob C,3.329804120329094,0.6568896507089148
blob B,8.055805144718377,4.105981884677644
blob C,3.6805840715075213,-0.021585948192387794
blob A,7.842377098308853,-4.322474050726991
blob C,3.871036118386893,0.9761817304663909
blob B,6.577561814171303,4.3164067835534885
blob B,8.16645722688446,4.984125050288352
blob B,9.047505905662726,4.975551638378139
blob B,7.539948656975323,4.569425390885057
blob C,3.8509063384423943,0.385130022883431
blob A,8.704046352533979,-5.369965099057238
blob B,8.884948706611146,3.997047389476191
blob B,7.846160030154344,5.897767592028094
blob C,3.227160602171903,0.1376314137691084
blob B,6.675114699451751,4.90235617671005
blob A,8.846890129579974,-5.4049856008739985
blob A,8.237494588737901,-5.609536250504142
blob C,4.0596019973551165,0.46171019318745576
blob C,4.059943711263707,0.12519436208671456
blob A,9.10453329149713,-4.608968801793611
blob A,7.462337015533802,-4.247078678743244
blob B,5.776570988257959,2.9586756704731636
blob B,5.7450704450943695,2.501228392161823
blob C,4.166343177786945,1.1107416724860495
blob B,8.934305176797277,3.3251829024515986
blob B,8.288181608594021,4.246890865685364
blob C,3.696378929179202,0.8260255807655437
blob C,4.003946604231915,-0.22459811738593016
blob C,4.50740592961479,0.05489133546918784
blob A,8.648357959627191,-2.4591291830906283
blob B,8.513360090323614,5.480669831193189
blob C,4.587294362333164,0.7326415789921334
blob A,6.869885999128236,-3.3328337131666523
blob B,8.393119885973942,2.4125911214524964
blob B,7.750059531359291,3.786043996946867
blob B,7.087105506398786,6.507355062792339
blob A,6.407458175235857,-4.499692058850451
blob B,7.791398562405915,3.7375554116804306
blob C,3.8174203626527112,0.3151664779041739
blob C,3.3610759901612943,0.20625055626784178
blob B,5.382772091068659,3.8657152852131125
blob C,3.3236978819102485,0.2936057347382381
blob C,5.105493901800478,0.9248800602598122
blob C,4.359148296362458,-0.03651672825200308
blob A,10.041197550236603,-3.062102969882352
blob B,3.8978267309629304,5.565399220479775
blob B,4.695491234591994,6.981375291205314
blob C,4.044311582831484,-0.22573629743454504
blob C,4.801607264559895,0.5474114521730867
blob A,7.271160072477264,-4.34780314949728
blob A,7.8900574592555595,-3.9634358585862137
blob A,8.211903225578883,-6.086273978992999
blob C,4.910655332819364,-0.033834255359458
blob B,7.078431021302374,6.193992892369154
blob A,7.876466842779414,-3.755691185753188
blob A,7.460957650736968,-2.6633502832789313
blob A,9.391976023980924,-3.3490419728137883
blob A,6.971108664874612,-5.121105187236206
blob B,7.820035137918956,6.946884829229788
blob A,7.612169436488231,-5.72617994355321
blob C,4.761889049505238,0.6029849908839573
blob C,3.834645552062405,-0.02979983892175847
blob B,6.4665278440723934,4.7670680754839445
blob B,9.448767410107,5.218826391696222
blob A,8.110967089803324,-5.35737296968924
blob C,3.3560546630791683,0.431768783178703
blob A,7.130901844392181,-5.668301779654194
blob B,9.094171355935066,6.099920395636369
blob C,3.845011947688058,0.564473181814347
blob B,7.67254675869225,4.604324317922628
blob C,3.9924666722424837,0.24930754133323674
blob A,9.364083949910162,-5.402632619041265
blob B,9.511528990220372,4.8544895070622704
blob C,3.9782245311252784,0.2906693206636083
blob B,10.180837029863728,5.208631940629774
blob B,5.156605513856089,3.7734355226327088
blob A,9.42124827884746,-5.517866227269151
blob A,9.31414122615889,-4.785242002362428
blob C,4.789888267921339,0.12594262738785095
blob A,8.77585697563133,-6.583834088484661
blob A,7.9770693506308294,-2.8757926862827983
blob B,5.740885678149948,3.263402492735931
blob B,7.884950881690164,6.017676326324306
blob B,8.249865560242545,3.883943556764475
blob A,8.831387015939395,-3.7967934402068537
blob B,6.516689460949262,4.274395035202293
blob B,7.1452143632110605,3.7917150213738373
blob C,4.842691884931104,0.24897893438895397
blob C,3.6053291058933765,-0.05219179307328525
blob C,4.1141827222461655,0.494292372137874
blob C,3.8328495177393234,-0.8018139506448694
blob B,5.175383540153543,3.670511445016561
blob A,8.623669733106276,-4.706872180339378
blob B,6.318258626818728,5.551317851976526
blob B,8.916250452365274,4.445444266712885
blob C,4.034687434774837,0.7522243297758753
blob A,8.571361485018958,-4.7350891143875025
blob B,7.191787125485355,6.929175489689332
blob B,6.785545339901849,4.087156357532931
blob C,3.718795683195819,-0.3313476227643827
blob B,7.897385400107266,5.185851274768668
blob C,4.684415063912716,0.08109348090428403
blob A,7.742247177708063,-5.764503719802063
blob B,8.96471172334409,5.744191277870458
blob A,7.402196233434192,-5.771843510974986
blob C,3.8174375637260725,-0.15984488907699712
blob C,4.1068602028113785,0.7348476964094622
blob A,9.250654067311265,-3.3786324020668808
blob C,3.6210749761383143,0.3264002105539873
blob B,6.625487925087663,5.93810441857875
blob C,3.92373230766572,0.391714477739981
blob B,7.885269650365385,4.610142709068256
blob A,8.360882168420346,-4.474092230012562
blob C,3.765927987855988,-0.2631991898307129
blob B,7.186147304650589,6.195403173989675
blob C,3.7510434659835985,-0.2873088633565354
blob C,4.0446957075285495,-0.7687068525140777
blob A,8.6020971717131,-5.343689734536853
blob B,5.249433631052659,5.657477640149371
blob A,6.795332190864089,-3.173663599041486
blob A,7.873456351298338,-5.262199547040233
blob C,3.7085204760583173,-0.525010861410383
blob A,6.8117449437656905,-7.255328580774673
blob C,3.8900140608670006,0.6670067775204813
blob A,9.90886689270594,-4.095827460270346
blob C,3.2178602220149903,-0.02952427950824893
blob A,8.695628714824583,-5.05352922399768
blob C,4.290966380906959,-0.6542405748149912
blob B,7.69165673148093,4.496073225669097
blob C,4.037292351125124,0.591784593591151
blob A,7.513198402880439,-4.792212694920869
blob B,8.195482281300736,2.1140911263875095
blob B,7.742559964541017,2.613917750043567
blob C,3.9197160067961008,0.599293305033969
blob A,7.589731305675848,-5.655859050640505
blob B,9.447944430900993,6.650143741539666
blob A,8.125100771475513,-5.232593299200231
blob C,4.34347382960904,1.3773159837642859
blob A,6.708255408491214,-4.825541942211562
blob B,6.789182546889747,5.858912828613915
blob C,3.5453331702778597,0.9069461298172435
blob B,8.760028610929995,5.03548555484868
blob A,8.284240413115437,-5.843588335847506
blob B,9.236615282260926,5.990947666255713
blob A,8.696783933939528,-2.9453273215499514
blob A,6.729375220194552,-7.078408918115085
blob C,3.9202101842160015,0.7123998423187421
blob A,7.518999798354558,-5.354680111980486
blob C,3.551269704857094,1.070123406475251
blob B,6.605789072203263,4.8550978216426275
blob B,8.724670301695976,4.942786043762332
blob B,8.75577942115672,7.214297262517304
blob A,7.852746177189334,-6.396036759170118
blob C,4.835621440503704,-0.33034963821486707
blob B,7.379609064655662,4.142889184161699
blob C,4.364547129500427,-0.15527107707318727
blob B,7.818220135587784,5.513168731087224
blob C,4.187983139071156,0.44376502779190835
blob A,9.072713189993742,-4.150432882729951
blob C,4.354356304505303,0.5492487927870519
blob B,8.305264640601134,2.793012156020383
blob A,7.556847279971332,-6.008843287756431
blob B,6.289460867412865,5.0368379598672774
blob A,7.816078330331041,-3.936264805876377
blob C,4.305628364427171,-0.7047301645114792
blob B,8.338229841068749,5.366820721760008
blob C,4.485246020606389,-0.2998050849966023
blob C,4.284576779642364,0.546009906122416
blob C,3.4529299618743106,0.7631848237877705
blob A,8.134868965389598,-5.4621394245723565
blob C,3.7064026841555258,0.2415045668577438
blob A,7.7800828904100054,-4.863184482951183
blob B,9.445903265490085,4.630858150726092
blob A,5.609389656396342,-6.2566151824823475
blob B,7.097791350503053,3.210285569227444
blob A,7.906974425445472,-5.055898494218041
blob B,7.969727822898251,5.637923058045168
blob A,7.59333924449024,-4.779310573460749
blob B,7.555113752160992,4.9416585828147594
blob B,6.31985444431129,3.0852879614633153
blob C,4.439490545379215,0.2961454622772285
blob B,8.95553974887821,4.788129144547291
blob A,7.969303512373814,-4.587626135030741
blob B,5.094787562216251,6.2816452815670925
blob A,7.704370786810252,-4.644637898205473
blob B,7.00078628464042,3.750143011195662
blob B,6.860384656673719,5.074617644018426
blob C,4.716474359684432,0.1790683256510188
blob C,3.4984223837689923,0.5135689440844255
blob B,9.9083637681641,5.159393914203034
blob A,7.797756273095567,-4.1676717204895946
blob B,6.386443821558,6.419574953025199
blob A,6.630942689272896,-2.12714431823733
blob A,8.56148979129931,-4.796983374615267
blob C,3.8909529170181534,0.5274395985297877
blob A,9.54534588596015,-2.9215433361019576
blob B,7.634162498325095,4.433254342267642
blob B,4.15663244483452,6.163452524204885
blob C,3.47666039811905,-0.022772709852881323
blob C,4.691889388360207,0.2957979677553899
blob C,4.304369392199646,-0.14489350096569903
blob A,8.693048884442659,-4.523390505531509
blob C,3.773021321365104,-0.8184693561206684
blob A,7.257651462506989,-3.7933604701313755
blob C,3.683886241892589,0.4475125747109776
blob C,3.9725653115944897,0.2835725358924825
blob B,6.1848040678519824,4.217199752175739
blob A,7.931666356081458,-7.046281222016109
blob A,5.497431300919371,-4.046266794783057
blob A,9.860284832476445,-3.741698312691165
blob B,8.068309261169462,3.005495013078363
blob B,8.023926466689792,7.0582552578526645
blob B,8.55339087612883,5.74659738724012
blob B,9.14930671367404,5.366442581785037
blob B,8.73196064401958,6.4636314394673775
blob A,8.690771853743655,-5.026368640010415
blob C,3.634047284601135,0.8668181754743747
blob B,8.200141003273037,3.618942077127123
blob A,8.332226918495422,-4.4346935598825565
blob B,8.962239285655928,3.8190393823315234
blob B,8.138979873089125,3.19114542266143
blob C,4.561069687457468,0.6696986452044104
blob C,2.839474473328499,-0.28312807608336843
blob B,8.980967869943374,6.063173300303522
blob C,3.730536483157041,-0.1975527726394405
blob B,6.249468515652051,8.326995666925683
blob A,9.394759296625102,-3.9629487941328936
blob C,3.629636889339768,-0.08752548879165956
blob B,8.343441807700462,5.965791378198308
blob C,4.545770706547614,0.506219880153175
blob B,7.192769285012795,3.070335006261554
blob B,8.48919973867314,4.412093760487695
blob A,7.228032607684669,-4.74849981791659
blob A,7.405495348531252,-3.245240365770252
blob B,8.900452086358715,4.144972484985502
blob A,7.0490587638798425,-4.619099761062924
blob B,8.191864777743177,5.219490912384819
blob B,9.002437599870806,4.3729536563200595
blob A,6.359214645359115,-5.2997736802747335
blob B,10.01678495461639,4.902358786610268
blob C,4.263381276556651,0.9419399846239196
blob C,4.642171434292809,-0.3519258872011706
blob C,4.604460328524835,0.3253126016798697
blob A,8.613200305789476,-4.338414836921841
blob C,3.7980729204349064,-0.2061705629853291
blob B,5.875122508599861,5.08085681302593
blob A,8.117760938479863,-5.969598648710461
blob A,6.132275217069718,-5.074246113760656
blob B,7.853461338202827,4.815644929112572
blob C,3.752576053558366,0.7634302010344598
blob C,3.7237639052341405,0.5952050976378267
blob B,8.98060939352508,5.856353580276659
blob C,3.296962655448689,0.9670713793923325
blob A,8.835037027128706,-2.8680269519358257
blob A,9.175714986348613,-5.626151468579644
blob B,6.979186174476039,5.407679555621989
blob B,6.971047461371504,5.219829584313907
blob B,8.88754048144715,5.346829080788022
blob B,5.396690828459756,5.2613452491758395
blob A,8.168910462182826,-4.5280872270466475
blob C,3.8820763754576317,1.2523366994136835
blob C,4.384017805162299,0.5139784783898761
blob B,9.750360674227604,5.193581717065832
blob C,3.4283662015908365,0.34856141589527156
blob B,6.524415924871818,7.212772326738489
blob C,3.6857938942834343,0.8719950298434328
blob B,6.382713269416115,5.154417475264043
blob C,4.507011767253236,0.21159551981797073
blob C,3.449144587248241,1.1002691250486105
blob B,8.018834609002951,4.663028162259613
blob B,8.895106886634343,4.1419763942977275
blob C,3.4658984329242672,0.5287303777163794
blob B,6.769083676629512,5.291066069892916
blob A,8.597989037642204,-4.649731131118519
blob B,8.887265802711351,5.540323150124726
blob C,4.1019161735582985,0.4463060093790483
blob C,3.723162540267639,-0.042404138436255734
blob B,7.48156436112939,6.130726092015269
blob C,3.6216941069738025,0.22738402258706236
blob A,9.02581064957201,-6.931532384753525
blob B,9.96477283941254,6.592510481543554
blob A,8.749423375283222,-5.963068652702594
blob C,3.9298241347396528,-0.11876551033066446
blob A,7.866551944203424,-4.170110903647024
blob A,7.94046874711703,-3.802493075268819
blob C,4.212883034292142,0.16529588779798524
blob B,6.649283961576431,8.163951596487058
blob A,8.360417130157924,-5.752980322738543
blob A,7.57710411722213,-3.5942389740908016
blob A,8.177713886991826,-4.213413459124043
blob C,4.8743427962555455,0.7953298458435101
blob B,7.440611177199232,1.1951213109396566
blob C,4.230762191993556,-0.12606046361656004
blob C,3.313211822526682,-0.2587207834838785
blob A,6.923334435673262,-3.642218593736736
blob C,3.452318759145543,0.39208302644776694
blob A,8.80369572992898,-5.426394722790914
blob C,3.7752351243655413,-0.18309174414728724
blob B,8.947618112169145,2.2344672018665754
blob A,6.858736378327526,-4.092098963817341
blob A,9.092260686545892,-3.488305397250933
blob B,10.192931453449866,4.645954863303337
blob C,4.969882116754987,-0.6981392635058536
blob B,4.452924135521436,4.1941754002811065
blob B,8.114394450419208,5.9373189990708095
blob C,4.208435911590781,-0.22023496563917855
blob A,8.84130203420913,-4.433122598271279
blob C,3.7080572683960615,1.549359188011193
blob C,3.8705256231663254,0.2213580459216234
blob C,3.9651988992163263,0.8627602996622223
blob C,3.3532011874047423,0.22341020507316003
blob B,6.943804418819771,2.837225430682084
blob C,3.5967898447269455,-0.0039723270312012615
blob C,4.0876905442440625,0.7326438525378305
blob A,7.36966079598477,-5.127270870138725
blob C,3.6519845023070614,1.6613817826728645
blob A,9.514573728159181,-5.045455531301323
blob A,7.983591107672856,-4.881258244131248
blob A,8.815859922067496,-3.6857569937328023
blob B,5.728928387074424,5.351904984665206
blob C,3.3261539681691543,0.9198587195001702
blob C,3.421918591026377,0.22197851538766464
blob B,6.7766543556770555,2.6604515368056303
blob A,7.741222137022421,-5.6291566585546455
blob B,8.114102029546519,5.618684999068594
blob B,5.75698356571203,1.6506394803144633
blob B,9.058970663839773,5.082620208233232
blob B,7.9067609085124175,3.987443742573071
blob A,9.276484168318758,-3.490763944978326
blob B,6.016426192713212,5.399642855987031
blob C,4.47155214914972,0.07063163463627836
blob A,8.580944950990796,-5.506854424723998
blob C,4.131081678257151,0.6875828768978304
blob B,6.350579216462314,5.212602991081257
blob A,8.915973542234811,-3.2735235919465104
blob C,3.0071000238240497,0.07502779293596024
blob B,7.567128927854521,5.137680933296522
blob C,4.092318178444474,-0.09342998221877996
blob B,9.820131943848242,4.125550776329021
blob C,3.881977479794541,0.6889905762406674
blob B,7.7240921740410045,4.410954977373167
blob B,7.381982961825347,6.246059527980384
blob B,6.770369064956684,4.228278388610764
blob C,3.776779668037463,-0.08277387507136214
blob B,7.490488586203731,4.236690245964552
blob A,7.2124936880552415,-3.9131844494701538
blob C,2.967572845261745,0.6580602386780501
blob C,3.4210813730693803,-0.1801877252628835
blob B,8.078458687432807,4.800092305015583
blob C,4.177120068802878,0.351586958879769
blob A,8.536471890466224,-3.611114913110147
blob B,7.058984463840306,8.354263872089383
blob C,4.000236144238703,-0.3118245453978796
blob B,7.460512494931166,4.019025294331025
blob A,7.507615764642994,-5.093522534681078
blob B,6.441392920880394,4.426582859931157
blob B,8.261653723540752,4.4931864753947375
blob A,7.643270186323938,-5.400562019022051
blob B,8.357451979596025,2.513069351096209
blob B,9.312863135219988,5.447135539534206
blob B,6.203700269943536,3.844515897397886
blob A,8.519217616156729,-5.375939201817606
blob C,4.043149764477705,0.8071657673009709
blob C,4.489560274021609,-0.38676625298949896
blob C,3.574049872733292,0.9406633344676065
blob B,6.269292563888616,3.336948259538568
blob C,3.939825697069542,1.0101343228992286
blob C,4.505890131025123,-0.15663543923583345
blob C,4.286225980935759,0.34281053188173266
blob B,6.7064144150842715,4.056116670079052
blob B,8.355030530171346,6.212102267726643
blob A,8.940562517327082,-5.2898589664262685
blob C,3.1088445771042794,-0.2550023923594533
blob B,9.340254544425898,4.962887441695875
blob C,3.9447866190526346,0.7046659572910259
blob B,7.45493780151332,4.393014132813346
blob B,7.690987398600921,3.5518356949318353
blob B,7.567384648524587,4.506272808297334
blob C,3.1199911051357954,0.28636975953754557
blob A,7.781645938993998,-5.525947265773891
blob A,8.169364787075747,-6.260364567653771
blob C,4.635773771025095,0.4855958629499532
blob A,8.639544163615332,-3.6081981282332576
blob C,3.293285561523239,2.025169655976578
blob C,3.194840770704986,1.0021903297880734
blob A,7.170115584512012,-4.352660549981161
blob C,2.9832487004273314,1.1443640770314156
blob A,6.964264325078698,-5.678099090604462
blob C,4.13392958835359,1.1057368950355704
blob A,8.048163465353918,-5.134769177378427
blob C,3.6600715820029732,0.060859252780259554
blob C,4.157853372672603,0.09749887346458197
blob B,9.671902418400684,4.41448115384402
blob B,9.277474277825768,6.472487628058236
blob B,7.9049811973314315,4.114222919150308
blob C,4.23602110861606,0.7279396428106386
blob A,7.29475055405731,-4.325383074994477
blob C,3.7011247418066673,1.007946191841987
blob B,7.730304810795783,6.291493984320695
blob B,6.489199416867344,3.2835195425196897
blob A,7.995922893057138,-5.310394107813359
blob C,2.706655466176898,-0.2713545598493784
blob C,3.446075378370146,0.8421684068237166
blob A,5.346196686961984,-4.890570764165417
blob A,7.663582081062809,-4.358289794671663
blob B,6.430471986357371,4.605591974624089
blob A,7.679668472341958,-4.915295686239405
blob A,8.320594302593104,-4.44483095416051
blob B,7.4442872072873,5.2847689628572185
blob B,6.806534728156391,5.213921937686749
blob C,4.1952999921540295,0.9797326367557246
blob C,4.313239668211283,0.0028443651971377104
blob A,8.728345532667639,-4.900842524477951
blob C,3.277050997233176,0.5615671545245132
blob B,8.441307008883152,5.3965903145313465
blob C,3.64741018213498,0.03726798955417049
blob C,3.9063129056623525,0.19520335987573692
blob B,7.8446001302172075,4.69993914127809
blob A,7.828859016974656,-5.416104694449876
blob A,9.077497318159597,-4.371296000698246
blob A,9.874930490137022,-3.201801287498964
blob B,6.262358066272239,5.074897975834485
blob B,7.762061406195681,3.880613657674963
blob C,3.929920448990356,0.30368113712659844
blob C,3.556797443322927,-0.6114984245383481
blob B,8.615782857908679,3.94610374863393
blob C,3.0137442560760013,0.4228930127768863
blob B,9.153663284925992,6.325834341896412
blob B,7.922839888536221,5.846643779417942
blob A,9.035162209423342,-5.216489231263908
blob C,3.9564206275950013,1.0128728651568353
blob A,8.152854789236779,-4.1147875861780365
blob A,6.665441890006896,-5.617944727356297
blob B,7.44904411439188,7.810254183903885
blob A,7.590177745205952,-4.772080055655336
blob B,6.543132790459577,3.3086386653447892
blob B,8.015360159537249,5.037134606676681
blob B,6.290622236333158,5.13562639494826
blob B,9.506105116730689,2.4543439883863813
blob B,5.9089596093820616,8.37089310178146
blob C,3.1268449803218243,1.0623930738119798
blob C,3.9437901817588945,0.06490008098062883
blob B,7.760881929916528,3.982652206470301
blob C,4.161906316604452,0.16913431019549624
blob B,9.351630359313992,6.7392576671439945
blob C,4.227409847964669,1.165314897846021
blob A,8.682582163125527,-4.470254556899649
blob B,6.342110611462388,7.289045005747857
blob A,7.228262065521325,-5.395942149947223
blob C,4.518012013578938,0.9390827521219003
blob B,5.114002988046591,5.216906072280416
blob A,7.722029532146835,-4.541761324207723
blob B,7.540389174050421,4.675081836366211
blob B,6.733268048784215,7.224244661658361
blob C,4.885533899867011,0.8242975673464895
blob B,7.977367453414251,1.916532308944416
blob B,7.905589515733042,5.800194279471936
blob C,3.9213040475468413,0.1984696731888009
blob C,4.490590670941792,-0.6956043839490103
blob B,5.681782976810225,4.92929030955276
blob C,3.3212450958374338,0.49952860664394055
blob A,8.012205109023505,-4.903164828859491
blob A,8.832261863891574,-5.5434003196763335
blob A,8.405206339302467,-4.910760534873549
blob A,8.089539129312909,-5.562933066183586
blob C,3.8960701952862875,0.40954750451601496
blob A,8.50977224608689,-4.611692614431755
blob B,8.430529089033502,2.900594418685309
blob C,3.6692045181116253,0.7503019218064235
blob A,6.033811098603138,-4.625553897125836
blob B,8.703752922683359,5.060221701943589
blob B,6.801543542785359,5.218275559475079
blob B,7.46903694490823,2.888155599981725
blob C,4.509828664817141,0.19180198746219881
blob B,8.911837780298976,5.347433874866642
blob A,8.019338704326007,-4.330396939785719
blob B,7.000318009003509,3.4255510686041086
blob B,7.196530600248708,7.418650544334367
blob C,4.092185065619037,-0.505414632168957
blob A,8.296719602410441,-6.60634447855139
blob C,3.6632638551312944,0.5439658157481769
blob C,4.586046210920775,0.09188397760645017
blob A,6.962391518488344,-6.199799165414669
blob B,9.205570117878331,5.144353194651846
blob B,7.949070268912624,2.98839809809716
blob A,6.411600918278398,-4.046486571047776
blob C,3.9911047544804776,0.6275603306293699
blob A,6.6246029513378755,-5.197668446486975
blob C,3.808585901220734,0.2924637674301939
blob C,4.046881332999695,0.46164820369145587
blob A,8.108421714934948,-3.7369591741549804
blob B,8.030493711084695,3.0815388728704836
blob B,8.399482789165457,7.210785875775819
blob C,4.544375366857324,0.09530966889728176
blob C,3.6879271195958254,0.035771295379453116
blob A,8.422903988595847,-4.052892301034061
blob A,8.114584066101239,-6.012733067571011
blob B,6.395876818624595,5.687397905768218
blob A,7.799213042033271,-3.1128000841259986
blob B,9.312918855833187,5.11775064963403
blob C,3.5038489540525215,-0.23581144536738374
blob C,3.982115683538647,0.5993626353678598
blob A,7.56187601701237,-5.02545683528433
blob C,3.8738221266150394,-0.06628563920188468
blob C,4.464882133655458,0.07982395696311406
blob A,7.788294729824851,-4.554772564236979
blob C,2.990250077093425,-0.09017955904342578
blob B,5.449988280606188,4.3422191788347915
blob B,7.835864733091092,3.296308613835611
blob A,8.299977936533821,-3.8113759137246346
blob B,9.094142660076665,3.0430720743034367
blob A,8.036390296207005,-4.29270876051944
blob B,8.898616762331496,6.189367291881213
blob C,3.2644869748225194,-0.2695229007864547
blob B,7.431659388271688,5.177356160137786
blob C,3.9741099237502526,0.6465043533943744
blob B,8.54936329434199,4.818888281480527
blob C,3.132588378679971,0.5612758127079979
blob A,8.537572199248709,-5.6957453170138255
blob B,9.204248098555937,6.495617844867589
blob C,3.349967076293812,1.310898621064842
blob B,6.459793883844087,5.577786278037862
blob A,7.664282648104315,-5.031044348229019
blob B,8.399664365264751,5.269360134446332
blob A,9.044530881576122,-4.736123928335892
blob C,3.538423907335529,-0.5340858488273681
blob A,9.4431783101059,-5.402178047921617
blob A,7.906658832403843,-5.379706739514074
blob B,7.7743596061035305,7.080980683947601
blob B,6.842560472472212,3.9061630042399234
blob A,8.274845957278403,-6.408240820261264
blob B,7.804010984447614,2.7840522020724627
blob C,4.291984514661067,1.0179395737010566
blob A,7.470818048547872,-4.493488616390555
blob B,8.117494978371873,5.783775087892426
blob B,5.570636613361169,4.778076702799752
blob B,6.668149775574433,5.586050423783668
blob A,9.387911205167232,-4.140094345024799
blob A,8.046203558394147,-3.082115660294337
blob B,8.43966260204852,5.633284010851797
blob B,6.797798460483595,7.730035653914423
blob C,4.1360026141788175,-0.08347282797194333
blob A,9.520533268104348,-4.789071760387627
blob C,4.309538093414284,0.27632537466829604
blob C,4.386734154550647,0.5000111735947361
blob A,7.129989757722861,-5.1142270933103395
blob C,4.026128294014616,1.031954982754438
blob C,3.3584967830334205,0.6304743024476449
blob A,8.525214929375409,-5.7869561889961885
blob A,5.741191068328625,-3.981778475621022
blob A,9.015143735699075,-4.520430054292985
blob B,6.794313954753485,3.90111790421598
blob C,4.414140336636522,-0.3299219624952341
blob C,4.370018499421729,0.9982836010790175
blob A,6.824538891083927,-5.670915816026651
blob B,6.402099150914308,5.079607025116799
blob C,4.406620326762375,0.9417015222156294
blob B,6.830985316473972,4.588609461581744
blob B,7.497391298551682,2.7871877314269478
blob A,7.608062649621483,-3.2045849989815083
blob C,3.049757924188305,0.2006243119842619
blob A,8.25554357615559,-4.465062038421531
blob C,3.7985905474122954,-0.06647320978655086
blob B,7.67061441717547,6.07693167680503
blob B,6.305581818644087,4.873843810928222
blob C,3.58411852555743,1.2515819741343661
blob C,4.478006597331323,-0.1306225901940536
blob B,5.035509680924367,5.6287482423885775
blob A,8.036736427571725,-6.790290624906001
blob A,8.250333191519632,-4.571339910867399
blob C,4.669912288724808,0.5137207251469955
blob B,6.5920685896923565,4.597561378166685
blob A,8.859023338987216,-5.620213530219866
blob B,9.024686755051928,4.814613024914025
blob B,7.537414457332445,5.20931883688198
blob B,7.557486997516728,4.361416666693414
blob A,5.5823643186029095,-5.277433101508948
blob A,8.509840019939839,-5.877247789668173
blob A,7.8293103572268965,-6.576982334744096
blob A,6.995347132540879,-5.82619852828401
blob A,7.606901506742991,-3.348041923850086
blob C,4.675495198016003,0.6448651568078374
blob A,9.318315728830903,-4.496677329438644
blob A,8.314991547763201,-3.9071569868443237
blob C,4.137656614642912,0.202113024633204
blob B,8.3556807366765,7.260060983587643
blob B,7.82849360370836,5.599103458687595
blob A,6.994235302473173,-5.306200452178101
blob A,9.967936408644626,-2.8489866822334218
blob B,5.351531008690815,5.11174422148685
blob B,6.876683056702011,5.302912038159414
blob A,7.616188843753818,-5.420585632977923
blob C,3.499927976893256,-0.0063898185967707355
blob A,8.935390587321749,-2.8492442195876846
blob B,7.254305594224214,3.5741361908260245
blob A,8.098318970953148,-6.9815036487017395
blob C,3.187551450754918,0.42705761091710653
blob B,6.462393265950332,8.555053957212587
blob C,3.7178301000298415,0.4403473994993271
blob A,9.977024269906781,-3.9584740674362098
blob B,7.315946199338131,5.492828349952495
blob A,6.600028692375805,-4.2992586519170475
blob A,7.779949501776173,-4.641274211875086
blob C,3.229793327810421,0.4521056264848791
blob C,4.27705982605447,0.9992757279882948
blob B,7.022104816627986,5.587532189795019
blob A,7.490629058154547,-5.268387186717146
blob C,4.628882599197858,1.166645041166827
blob C,4.574219368866393,0.5124613790117829
blob C,4.631610479031943,0.506408686908968
blob C,5.281727725427467,1.2282988211209163
blob A,8.626436540104208,-4.8570265493323435
blob C,3.8176697671711244,1.1412456270705522
blob C,3.949254508729771,0.16403157332290713
blob A,7.9798516692560835,-5.095663107703574
blob C,3.5485050641377973,0.27139850970742485
